customer_id,request_date,request_type,cooling_off_end
C10020,2026-03-18,Downgrade Request,2026-04-07
C10073,2026-03-21,Closure Request,2026-04-05
C10197,2026-03-17,Downgrade Request,2026-03-31
C10240,2026-02-28,Closure Request,2026-04-02
C10262,2026-03-02,Closure Request,2026-04-22
C10299,2026-03-12,Closure Request,2026-04-13
C10424,2026-03-18,Downgrade Request,2026-04-01
C10444,2026-03-08,Closure Request,2026-04-19
C10459,2026-03-11,Closure Request,2026-04-04
C10540,2026-03-08,Closure Request,2026-04-10
C10542,2026-03-09,Closure Request,2026-04-05
C10560,2026-02-27,Closure Request,2026-04-10
C10594,2026-03-19,Downgrade Request,2026-04-22
C10647,2026-03-19,Downgrade Request,2026-04-22
C10682,2026-03-13,Downgrade Request,2026-04-19
C10694,2026-02-28,Downgrade Request,2026-04-17
C10701,2026-03-11,Closure Request,2026-03-31
C10779,2026-03-12,Downgrade Request,2026-04-19
C10813,2026-02-28,Closure Request,2026-03-29
C10857,2026-03-16,Closure Request,2026-04-03
C10873,2026-02-27,Closure Request,2026-04-09
C10983,2026-03-12,Downgrade Request,2026-04-14
C10988,2026-03-23,Closure Request,2026-04-17
C11052,2026-02-27,Downgrade Request,2026-03-31
C11121,2026-03-03,Closure Request,2026-04-02
C11151,2026-03-08,Closure Request,2026-03-30
C11193,2026-03-17,Downgrade Request,2026-04-11
C11221,2026-03-21,Downgrade Request,2026-04-10
C11224,2026-03-03,Closure Request,2026-04-11
C11328,2026-03-19,Downgrade Request,2026-04-07
C11365,2026-03-11,Closure Request,2026-04-13
C11392,2026-03-22,Downgrade Request,2026-04-11
C11434,2026-03-18,Closure Request,2026-04-10
C11459,2026-03-02,Closure Request,2026-04-01
C11460,2026-03-09,Closure Request,2026-04-09
C11462,2026-03-02,Closure Request,2026-04-01
C11531,2026-03-03,Downgrade Request,2026-04-23
C11538,2026-03-23,Closure Request,2026-04-08
C11680,2026-03-19,Closure Request,2026-04-14
C11703,2026-03-11,Closure Request,2026-04-12
C11755,2026-03-23,Downgrade Request,2026-04-18
C11770,2026-03-02,Downgrade Request,2026-04-11
C11835,2026-02-27,Closure Request,2026-04-07
C11873,2026-03-10,Downgrade Request,2026-04-21
C11894,2026-03-03,Closure Request,2026-04-17
C11917,2026-03-09,Closure Request,2026-04-09
C11953,2026-02-27,Downgrade Request,2026-04-20
C11986,2026-03-13,Closure Request,2026-04-09
C12100,2026-03-20,Closure Request,2026-04-11
C12143,2026-03-06,Downgrade Request,2026-04-19
C12251,2026-03-21,Closure Request,2026-03-29
C12283,2026-03-13,Closure Request,2026-04-16
C12301,2026-03-15,Closure Request,2026-04-14
C12313,2026-03-04,Closure Request,2026-04-12
C12331,2026-03-10,Closure Request,2026-04-12
C12339,2026-03-14,Closure Request,2026-04-01
C12416,2026-03-08,Downgrade Request,2026-04-09
C12485,2026-03-22,Closure Request,2026-04-19
C12564,2026-03-12,Downgrade Request,2026-04-11
C12621,2026-03-13,Closure Request,2026-04-07
C12632,2026-02-27,Closure Request,2026-04-15
C12635,2026-03-15,Closure Request,2026-04-07
C12651,2026-03-12,Downgrade Request,2026-03-29
C12666,2026-03-09,Downgrade Request,2026-04-07
C12715,2026-03-03,Closure Request,2026-04-17
C12791,2026-03-20,Downgrade Request,2026-04-21
C12872,2026-03-22,Closure Request,2026-04-21
C12886,2026-03-11,Closure Request,2026-04-03
C12984,2026-03-21,Closure Request,2026-04-01
C12994,2026-03-19,Closure Request,2026-04-02
C13033,2026-03-03,Downgrade Request,2026-04-11
C13093,2026-03-15,Downgrade Request,2026-04-12
C13241,2026-03-01,Closure Request,2026-04-05
C13243,2026-02-28,Closure Request,2026-04-16
C13315,2026-03-09,Closure Request,2026-03-31
C13424,2026-03-13,Downgrade Request,2026-03-30
C13509,2026-03-19,Closure Request,2026-04-21
C13515,2026-03-03,Closure Request,2026-04-10
C13519,2026-03-07,Closure Request,2026-03-31
C13528,2026-03-13,Closure Request,2026-04-21
C13548,2026-03-14,Downgrade Request,2026-04-10
C13646,2026-03-23,Closure Request,2026-04-21
C13710,2026-03-15,Closure Request,2026-04-18
C13759,2026-02-28,Closure Request,2026-04-11
C13891,2026-03-20,Closure Request,2026-04-16
C13987,2026-03-15,Downgrade Request,2026-04-17
C13991,2026-03-07,Closure Request,2026-04-23
C14011,2026-03-16,Closure Request,2026-04-23
C14019,2026-03-22,Downgrade Request,2026-04-16
C14131,2026-03-08,Closure Request,2026-04-22
C14171,2026-03-10,Downgrade Request,2026-04-21
C14188,2026-03-01,Closure Request,2026-04-06
C14200,2026-03-07,Closure Request,2026-03-30
C14357,2026-03-04,Downgrade Request,2026-04-03
C14380,2026-03-02,Downgrade Request,2026-04-06
C14406,2026-03-23,Downgrade Request,2026-04-04
C14426,2026-03-23,Downgrade Request,2026-04-19
C14441,2026-03-19,Downgrade Request,2026-04-06
C14525,2026-03-09,Closure Request,2026-04-23
C14568,2026-03-03,Downgrade Request,2026-04-01
C14597,2026-03-16,Closure Request,2026-03-29
C14627,2026-03-01,Downgrade Request,2026-04-05
C14642,2026-03-21,Closure Request,2026-04-07
C14644,2026-02-28,Closure Request,2026-04-17
C14714,2026-03-09,Closure Request,2026-04-11
C15135,2026-03-03,Closure Request,2026-04-08
C15150,2026-03-06,Downgrade Request,2026-04-13
C15213,2026-03-06,Closure Request,2026-04-08
C15280,2026-03-13,Downgrade Request,2026-04-09
C15297,2026-03-09,Closure Request,2026-04-12
C15350,2026-02-28,Downgrade Request,2026-04-04
C15420,2026-03-06,Closure Request,2026-04-03
C15444,2026-03-02,Downgrade Request,2026-04-06
C15488,2026-03-11,Closure Request,2026-04-19
C15505,2026-03-05,Closure Request,2026-04-18
C15537,2026-03-08,Closure Request,2026-04-09
C15547,2026-03-21,Closure Request,2026-04-21
C15578,2026-03-07,Downgrade Request,2026-04-07
C15579,2026-03-14,Downgrade Request,2026-04-12
C15590,2026-03-02,Downgrade Request,2026-03-29
C15632,2026-03-19,Closure Request,2026-04-16
C15671,2026-03-18,Closure Request,2026-04-09
C15749,2026-03-05,Downgrade Request,2026-04-11
C15908,2026-02-27,Closure Request,2026-04-22
C15919,2026-03-14,Closure Request,2026-04-21
C15948,2026-03-08,Closure Request,2026-04-10
C16029,2026-03-06,Closure Request,2026-04-10
C16034,2026-03-04,Closure Request,2026-04-01
C16058,2026-03-11,Closure Request,2026-04-04
C16098,2026-03-20,Closure Request,2026-04-07
C16140,2026-03-18,Closure Request,2026-04-22
C16200,2026-02-27,Closure Request,2026-04-10
C16223,2026-03-06,Downgrade Request,2026-04-09
C16440,2026-02-27,Closure Request,2026-04-11
C16472,2026-03-04,Downgrade Request,2026-04-08
C16544,2026-02-27,Downgrade Request,2026-04-18
C16588,2026-03-20,Closure Request,2026-04-19
C16624,2026-03-03,Closure Request,2026-04-08
C16731,2026-03-07,Closure Request,2026-04-15
C16806,2026-03-11,Closure Request,2026-04-10
C16837,2026-03-08,Downgrade Request,2026-04-07
C16963,2026-03-09,Closure Request,2026-04-03
C16966,2026-03-11,Downgrade Request,2026-03-29
C16992,2026-03-06,Downgrade Request,2026-04-22
C17036,2026-03-09,Closure Request,2026-04-03
C17063,2026-03-02,Closure Request,2026-04-10
C17110,2026-03-05,Closure Request,2026-04-11
C17123,2026-03-10,Downgrade Request,2026-04-04
C17159,2026-03-03,Closure Request,2026-04-17
C17254,2026-03-16,Closure Request,2026-04-17
C17293,2026-03-04,Closure Request,2026-03-31
C17358,2026-03-04,Closure Request,2026-04-21
C17451,2026-03-10,Closure Request,2026-04-08
C17456,2026-03-04,Closure Request,2026-04-03
C17546,2026-03-05,Closure Request,2026-04-13
C17570,2026-03-02,Closure Request,2026-04-09
C17790,2026-03-23,Closure Request,2026-04-17
C17822,2026-03-03,Downgrade Request,2026-04-15
C17854,2026-03-07,Closure Request,2026-04-03
C17887,2026-03-09,Downgrade Request,2026-04-21
C17945,2026-03-16,Closure Request,2026-04-13
C17953,2026-03-01,Closure Request,2026-04-08
C18003,2026-03-19,Downgrade Request,2026-03-31
C18007,2026-03-23,Closure Request,2026-04-16
C18032,2026-03-09,Downgrade Request,2026-04-05
C18060,2026-03-02,Closure Request,2026-04-12
C18063,2026-03-16,Closure Request,2026-04-12
C18080,2026-03-07,Closure Request,2026-04-01
C18160,2026-03-04,Downgrade Request,2026-04-03
C18176,2026-03-16,Downgrade Request,2026-04-21
C18235,2026-03-21,Closure Request,2026-04-21
C18308,2026-03-22,Closure Request,2026-04-19
C18331,2026-03-10,Closure Request,2026-04-13
C18382,2026-03-11,Closure Request,2026-04-23
C18389,2026-03-10,Downgrade Request,2026-04-20
C18531,2026-03-06,Closure Request,2026-04-20
C18536,2026-02-27,Closure Request,2026-04-18
C18577,2026-03-06,Closure Request,2026-03-29
C18592,2026-03-09,Downgrade Request,2026-04-21
C18614,2026-03-22,Downgrade Request,2026-04-23
C18620,2026-03-11,Closure Request,2026-04-22
C18784,2026-03-22,Downgrade Request,2026-04-10
C18952,2026-03-01,Closure Request,2026-04-18
C18970,2026-03-03,Downgrade Request,2026-04-11
C19000,2026-03-20,Closure Request,2026-04-02
C19014,2026-03-15,Closure Request,2026-04-22
C19043,2026-03-20,Closure Request,2026-04-03
C19121,2026-03-12,Downgrade Request,2026-04-19
C19183,2026-03-13,Closure Request,2026-04-05
C19270,2026-03-08,Closure Request,2026-04-06
C19392,2026-03-20,Downgrade Request,2026-04-18
C19396,2026-03-01,Closure Request,2026-04-12
C19412,2026-03-01,Downgrade Request,2026-04-22
C19413,2026-03-16,Downgrade Request,2026-04-08
C19520,2026-03-14,Closure Request,2026-04-12
C19596,2026-03-13,Downgrade Request,2026-04-20
C19609,2026-03-15,Closure Request,2026-04-06
C19643,2026-03-04,Closure Request,2026-04-22
C19689,2026-03-19,Closure Request,2026-04-14
C19778,2026-03-14,Closure Request,2026-04-05
C19842,2026-03-12,Closure Request,2026-04-09
C19875,2026-03-01,Downgrade Request,2026-04-07
C19948,2026-03-01,Closure Request,2026-04-16
C19986,2026-03-03,Downgrade Request,2026-04-13
C20028,2026-03-01,Downgrade Request,2026-04-19
C20087,2026-03-14,Closure Request,2026-04-21
C20120,2026-03-01,Closure Request,2026-04-02
C20171,2026-03-04,Downgrade Request,2026-04-10
C20257,2026-03-15,Closure Request,2026-04-05
C20283,2026-03-23,Closure Request,2026-04-16
C20309,2026-03-14,Closure Request,2026-04-16
C20433,2026-03-23,Downgrade Request,2026-04-09
C20437,2026-02-28,Closure Request,2026-04-21
C20640,2026-03-07,Downgrade Request,2026-04-13
C20753,2026-03-04,Closure Request,2026-04-09
C20798,2026-03-03,Closure Request,2026-04-16
C20822,2026-03-07,Downgrade Request,2026-04-14
C20902,2026-03-12,Downgrade Request,2026-04-13
C21052,2026-03-03,Closure Request,2026-04-14
C21136,2026-03-08,Closure Request,2026-04-13
C21175,2026-03-11,Closure Request,2026-04-19
C21177,2026-03-21,Downgrade Request,2026-04-05
C21249,2026-03-14,Closure Request,2026-04-05
C21373,2026-03-19,Downgrade Request,2026-04-17
C21468,2026-02-27,Closure Request,2026-04-23
C21469,2026-03-20,Closure Request,2026-04-04
C21513,2026-03-12,Downgrade Request,2026-04-12
C21626,2026-03-05,Closure Request,2026-03-29
C21630,2026-02-28,Closure Request,2026-04-05
C21646,2026-02-28,Closure Request,2026-04-09
C21710,2026-03-02,Closure Request,2026-04-10
C21832,2026-03-03,Closure Request,2026-04-08
C21874,2026-03-07,Closure Request,2026-04-06
C21876,2026-03-06,Closure Request,2026-04-21
C21927,2026-03-06,Closure Request,2026-04-23
C21945,2026-03-22,Downgrade Request,2026-04-16
C21950,2026-03-07,Closure Request,2026-04-05
C21976,2026-03-15,Closure Request,2026-04-03
C21978,2026-03-01,Closure Request,2026-04-05
C21990,2026-03-16,Closure Request,2026-04-20
C22003,2026-03-09,Closure Request,2026-03-30
C22046,2026-03-04,Downgrade Request,2026-04-15
C22077,2026-03-15,Closure Request,2026-04-21
C22102,2026-03-17,Closure Request,2026-03-31
C22137,2026-03-19,Closure Request,2026-04-07
C22138,2026-03-22,Closure Request,2026-04-05
C22148,2026-03-16,Closure Request,2026-04-22
C22358,2026-03-05,Downgrade Request,2026-04-12
C22384,2026-03-20,Closure Request,2026-04-23
C22452,2026-03-22,Downgrade Request,2026-04-23
C22601,2026-03-03,Closure Request,2026-04-04
C22636,2026-03-08,Closure Request,2026-04-12
C22939,2026-03-21,Downgrade Request,2026-04-04
C22955,2026-03-20,Closure Request,2026-04-16
C22978,2026-03-17,Closure Request,2026-04-13
C23040,2026-03-14,Closure Request,2026-03-29
C23095,2026-03-05,Downgrade Request,2026-04-01
C23161,2026-02-28,Downgrade Request,2026-04-22
C23205,2026-03-03,Closure Request,2026-04-16
C23289,2026-03-03,Closure Request,2026-04-22
C23357,2026-03-09,Closure Request,2026-04-06
C23360,2026-02-27,Downgrade Request,2026-04-17
C23409,2026-03-15,Downgrade Request,2026-04-18
C23475,2026-03-18,Downgrade Request,2026-04-14
C23494,2026-03-08,Closure Request,2026-04-07
C23702,2026-03-03,Downgrade Request,2026-04-06
C23704,2026-03-06,Closure Request,2026-04-08
C23775,2026-03-15,Closure Request,2026-04-15
C23789,2026-03-07,Downgrade Request,2026-04-18
C23864,2026-03-09,Closure Request,2026-04-22
C23922,2026-03-18,Downgrade Request,2026-03-29
C23953,2026-03-13,Closure Request,2026-04-13
C24022,2026-03-08,Closure Request,2026-04-03
C24135,2026-03-21,Downgrade Request,2026-04-19
C24202,2026-03-14,Closure Request,2026-04-12
C24222,2026-03-13,Closure Request,2026-04-19
C24261,2026-03-06,Closure Request,2026-04-04
C24308,2026-02-27,Closure Request,2026-04-22
C24323,2026-03-16,Closure Request,2026-04-07
C24498,2026-03-07,Downgrade Request,2026-04-08
C24546,2026-02-27,Closure Request,2026-04-13
C24551,2026-03-20,Closure Request,2026-04-07
C24557,2026-03-04,Closure Request,2026-04-16
C24604,2026-03-02,Closure Request,2026-04-08
C24679,2026-03-18,Closure Request,2026-04-22
C24720,2026-03-11,Closure Request,2026-04-03
C24742,2026-03-04,Closure Request,2026-04-03
C24754,2026-03-13,Closure Request,2026-04-13
C24767,2026-03-03,Closure Request,2026-04-23
C24823,2026-03-10,Closure Request,2026-04-06
C24850,2026-03-16,Downgrade Request,2026-04-13
C24902,2026-03-14,Downgrade Request,2026-04-02
C24916,2026-03-14,Downgrade Request,2026-04-21
C25019,2026-03-12,Closure Request,2026-04-08
C25041,2026-03-09,Downgrade Request,2026-04-11
C25074,2026-03-05,Downgrade Request,2026-04-22
C25184,2026-03-10,Closure Request,2026-04-22
C25254,2026-03-11,Closure Request,2026-04-11
C25258,2026-03-12,Closure Request,2026-04-23
C25285,2026-03-19,Downgrade Request,2026-04-22
C25345,2026-03-15,Closure Request,2026-04-20
C25377,2026-03-17,Closure Request,2026-04-19
C25391,2026-03-01,Downgrade Request,2026-04-07
C25478,2026-03-12,Closure Request,2026-04-08
C25491,2026-03-10,Downgrade Request,2026-04-08
C25492,2026-03-06,Closure Request,2026-04-21
C25617,2026-03-17,Closure Request,2026-04-17
C25642,2026-03-07,Downgrade Request,2026-04-06
C25668,2026-03-20,Closure Request,2026-04-05
C25717,2026-03-18,Downgrade Request,2026-04-21
C25742,2026-03-08,Closure Request,2026-04-16
C25881,2026-03-08,Closure Request,2026-04-22
C25931,2026-03-02,Downgrade Request,2026-04-20
C26013,2026-03-01,Downgrade Request,2026-04-05
C26016,2026-03-15,Closure Request,2026-04-16
C26053,2026-03-11,Closure Request,2026-04-01
C26098,2026-03-22,Closure Request,2026-04-08
C26111,2026-03-15,Closure Request,2026-04-09
C26163,2026-03-09,Downgrade Request,2026-04-01
C26237,2026-03-08,Closure Request,2026-04-21
C26262,2026-03-21,Downgrade Request,2026-04-22
C26282,2026-02-28,Downgrade Request,2026-04-02
C26289,2026-03-19,Closure Request,2026-04-07
C26296,2026-03-05,Closure Request,2026-04-15
C26386,2026-03-21,Downgrade Request,2026-04-05
C26437,2026-03-13,Closure Request,2026-04-15
C26456,2026-02-27,Closure Request,2026-04-06
C26459,2026-03-06,Closure Request,2026-04-07
C26498,2026-03-01,Closure Request,2026-04-02
C26500,2026-02-27,Closure Request,2026-04-23
C26504,2026-03-01,Closure Request,2026-04-21
C26561,2026-03-13,Downgrade Request,2026-04-22
C26635,2026-03-09,Closure Request,2026-04-04
C26727,2026-03-18,Downgrade Request,2026-04-12
C26786,2026-03-16,Downgrade Request,2026-04-09
C26806,2026-03-13,Closure Request,2026-04-19
C26891,2026-03-01,Downgrade Request,2026-04-06
C26973,2026-03-04,Closure Request,2026-03-29
C26994,2026-03-19,Closure Request,2026-04-18
C26999,2026-03-10,Downgrade Request,2026-04-10
C27015,2026-03-08,Closure Request,2026-04-14
C27158,2026-03-22,Closure Request,2026-04-09
C27177,2026-03-23,Closure Request,2026-04-11
C27236,2026-03-22,Closure Request,2026-04-23
C27393,2026-03-13,Closure Request,2026-04-13
C27422,2026-03-14,Closure Request,2026-04-08
C27428,2026-03-03,Closure Request,2026-04-21
C27457,2026-03-21,Closure Request,2026-03-31
C27512,2026-03-06,Closure Request,2026-04-15
C27531,2026-03-18,Closure Request,2026-03-31
C27555,2026-03-05,Downgrade Request,2026-04-17
C27703,2026-03-03,Closure Request,2026-04-22
C27756,2026-03-21,Closure Request,2026-04-11
C27762,2026-03-15,Downgrade Request,2026-04-12
C27794,2026-02-28,Closure Request,2026-04-18
C27834,2026-03-13,Closure Request,2026-04-03
C27897,2026-03-03,Closure Request,2026-04-08
C27934,2026-03-09,Closure Request,2026-04-22
C27956,2026-03-01,Closure Request,2026-04-11
C28019,2026-03-23,Downgrade Request,2026-04-16
C28032,2026-03-14,Closure Request,2026-04-17
C28106,2026-03-11,Closure Request,2026-03-29
C28122,2026-03-16,Downgrade Request,2026-04-11
C28140,2026-03-19,Downgrade Request,2026-04-05
C28176,2026-03-05,Closure Request,2026-04-22
C28232,2026-03-13,Closure Request,2026-04-12
C28235,2026-03-03,Closure Request,2026-04-04
C28243,2026-02-27,Closure Request,2026-04-09
C28294,2026-03-01,Closure Request,2026-04-02
C28301,2026-03-17,Closure Request,2026-04-04
C28446,2026-03-14,Closure Request,2026-04-01
C28461,2026-03-23,Closure Request,2026-04-17
C28467,2026-03-22,Closure Request,2026-04-15
C28535,2026-03-12,Closure Request,2026-04-08
C28538,2026-03-13,Closure Request,2026-04-19
C28578,2026-03-17,Closure Request,2026-04-07
C28579,2026-03-18,Downgrade Request,2026-04-06
C28681,2026-03-16,Closure Request,2026-04-22
C28750,2026-03-12,Closure Request,2026-04-02
C28844,2026-03-09,Closure Request,2026-04-10
C28845,2026-03-23,Downgrade Request,2026-04-21
C28875,2026-02-28,Closure Request,2026-04-10
C28961,2026-03-22,Downgrade Request,2026-04-12
C29046,2026-03-11,Closure Request,2026-04-04
C29084,2026-02-27,Downgrade Request,2026-04-16
C29133,2026-03-20,Closure Request,2026-04-03
C29410,2026-03-07,Closure Request,2026-04-21
C29419,2026-03-07,Closure Request,2026-04-03
C29513,2026-02-27,Closure Request,2026-04-01
C29541,2026-03-08,Closure Request,2026-04-17
C29560,2026-03-12,Closure Request,2026-04-08
C29567,2026-03-10,Closure Request,2026-04-04
C29698,2026-03-21,Closure Request,2026-04-09
C29773,2026-03-08,Downgrade Request,2026-04-14
C29797,2026-03-20,Downgrade Request,2026-03-29
C29858,2026-03-23,Downgrade Request,2026-04-23
C29873,2026-03-10,Downgrade Request,2026-04-01
C29973,2026-03-12,Downgrade Request,2026-04-07
C30009,2026-03-21,Downgrade Request,2026-04-18
C30174,2026-03-14,Closure Request,2026-04-20
C30183,2026-03-21,Closure Request,2026-04-18
C30190,2026-03-11,Downgrade Request,2026-03-29
C30202,2026-03-15,Closure Request,2026-04-18
C30208,2026-03-13,Closure Request,2026-04-02
C30227,2026-03-16,Closure Request,2026-04-16
C30243,2026-03-23,Closure Request,2026-04-14
C30262,2026-03-19,Closure Request,2026-04-20
C30304,2026-03-08,Closure Request,2026-03-30
C30325,2026-03-04,Closure Request,2026-04-21
C30360,2026-03-02,Downgrade Request,2026-04-09
C30440,2026-03-04,Downgrade Request,2026-04-03
C30482,2026-03-10,Closure Request,2026-04-03
C30524,2026-03-07,Closure Request,2026-04-21
C30601,2026-03-02,Closure Request,2026-04-09
C30677,2026-03-20,Closure Request,2026-03-29
C30680,2026-03-08,Closure Request,2026-04-07
C30694,2026-03-11,Closure Request,2026-04-09
C30701,2026-03-15,Closure Request,2026-04-08
C30732,2026-03-23,Closure Request,2026-04-08
C30767,2026-03-23,Downgrade Request,2026-03-30
C30769,2026-02-28,Closure Request,2026-04-11
C30872,2026-03-22,Closure Request,2026-04-10
C30933,2026-02-27,Closure Request,2026-04-21
C31002,2026-03-07,Closure Request,2026-04-03
C31018,2026-03-20,Closure Request,2026-04-09
C31101,2026-03-16,Closure Request,2026-04-11
C31232,2026-03-21,Closure Request,2026-04-13
C31238,2026-03-09,Downgrade Request,2026-04-15
C31240,2026-03-09,Closure Request,2026-04-17
C31381,2026-03-03,Closure Request,2026-04-07
C31720,2026-03-08,Downgrade Request,2026-04-06
C31731,2026-03-19,Downgrade Request,2026-04-19
C31775,2026-03-06,Downgrade Request,2026-04-17
C31814,2026-03-02,Closure Request,2026-04-01
C31893,2026-03-08,Downgrade Request,2026-04-21
C31917,2026-03-05,Closure Request,2026-04-02
C32002,2026-03-16,Closure Request,2026-04-02
C32074,2026-03-19,Closure Request,2026-04-19
C32234,2026-03-21,Closure Request,2026-04-01
C32273,2026-03-01,Downgrade Request,2026-04-07
C32277,2026-03-04,Closure Request,2026-04-05
C32303,2026-03-16,Downgrade Request,2026-04-03
C32313,2026-02-28,Closure Request,2026-04-07
C32315,2026-03-13,Closure Request,2026-04-12
C32334,2026-03-02,Closure Request,2026-04-14
C32436,2026-03-07,Closure Request,2026-04-06
C32445,2026-02-27,Closure Request,2026-04-08
C32625,2026-03-10,Downgrade Request,2026-04-19
C32652,2026-03-19,Closure Request,2026-04-21
C32663,2026-03-22,Closure Request,2026-04-23
C32672,2026-03-11,Closure Request,2026-03-30
C32739,2026-03-17,Closure Request,2026-03-29
C32784,2026-03-19,Closure Request,2026-03-30
C32785,2026-03-16,Closure Request,2026-04-10
C32874,2026-03-13,Closure Request,2026-04-16
C32974,2026-03-08,Downgrade Request,2026-04-09
C33034,2026-03-17,Closure Request,2026-04-16
C33044,2026-03-11,Downgrade Request,2026-04-04
C33061,2026-03-09,Closure Request,2026-04-06
C33092,2026-03-06,Downgrade Request,2026-04-01
C33144,2026-02-28,Downgrade Request,2026-04-18
C33153,2026-02-27,Closure Request,2026-04-08
C33238,2026-03-13,Closure Request,2026-04-06
C33275,2026-03-13,Downgrade Request,2026-04-22
C33334,2026-03-06,Downgrade Request,2026-04-19
C33345,2026-03-20,Closure Request,2026-04-08
C33406,2026-02-27,Closure Request,2026-04-06
C33452,2026-03-21,Downgrade Request,2026-04-11
C33467,2026-03-03,Closure Request,2026-04-15
C33521,2026-03-19,Closure Request,2026-04-05
C33571,2026-03-09,Closure Request,2026-04-01
C33579,2026-03-06,Closure Request,2026-04-07
C33723,2026-03-19,Downgrade Request,2026-04-07
C33772,2026-03-09,Downgrade Request,2026-04-15
C33775,2026-03-21,Closure Request,2026-04-03
C33785,2026-03-11,Closure Request,2026-04-04
C33792,2026-03-19,Closure Request,2026-04-05
C33817,2026-02-27,Closure Request,2026-04-04
C33832,2026-02-28,Closure Request,2026-04-09
C33873,2026-03-07,Closure Request,2026-04-22
C33892,2026-03-19,Closure Request,2026-04-14
C33923,2026-03-07,Closure Request,2026-04-23
C33925,2026-03-06,Downgrade Request,2026-04-15
C34104,2026-03-16,Closure Request,2026-04-14
C34128,2026-03-18,Downgrade Request,2026-04-03
C34309,2026-03-20,Closure Request,2026-04-03
C34327,2026-03-03,Closure Request,2026-04-17
C34339,2026-03-16,Closure Request,2026-04-02
C34348,2026-03-06,Closure Request,2026-04-11
C34369,2026-03-17,Downgrade Request,2026-03-30
C34378,2026-03-11,Downgrade Request,2026-04-10
C34386,2026-03-07,Downgrade Request,2026-04-13
C34489,2026-03-09,Downgrade Request,2026-04-02
C34511,2026-02-28,Downgrade Request,2026-03-29
C34616,2026-03-21,Downgrade Request,2026-04-20
C34651,2026-03-06,Closure Request,2026-04-07
C34661,2026-03-17,Closure Request,2026-04-17
C34751,2026-03-04,Closure Request,2026-03-30
C34761,2026-02-27,Downgrade Request,2026-04-02
C34770,2026-03-19,Downgrade Request,2026-04-03
C34803,2026-02-27,Closure Request,2026-04-10
C34832,2026-03-18,Closure Request,2026-04-11
C34905,2026-03-11,Closure Request,2026-04-04
C34917,2026-03-16,Downgrade Request,2026-03-31
C34968,2026-03-16,Downgrade Request,2026-04-02
C35048,2026-03-11,Closure Request,2026-04-21
C35067,2026-02-28,Closure Request,2026-04-19
C35109,2026-03-19,Closure Request,2026-04-12
C35145,2026-03-19,Closure Request,2026-04-06
C35237,2026-02-27,Downgrade Request,2026-03-29
C35238,2026-03-03,Closure Request,2026-04-14
C35252,2026-03-14,Closure Request,2026-04-01
C35275,2026-02-27,Closure Request,2026-04-17
C35289,2026-03-08,Closure Request,2026-04-19
C35312,2026-03-09,Downgrade Request,2026-04-01
C35355,2026-03-06,Closure Request,2026-04-17
C35436,2026-03-09,Closure Request,2026-03-31
C35519,2026-02-27,Closure Request,2026-04-08
C35550,2026-03-15,Closure Request,2026-04-10
C35702,2026-03-15,Closure Request,2026-04-18
C35728,2026-03-09,Downgrade Request,2026-04-16
C35744,2026-03-18,Closure Request,2026-04-20
C35762,2026-03-08,Downgrade Request,2026-04-05
C35769,2026-03-07,Closure Request,2026-03-31
C35814,2026-02-28,Closure Request,2026-04-17
C35831,2026-03-12,Closure Request,2026-04-19
C35899,2026-03-08,Closure Request,2026-04-11
C35936,2026-03-10,Closure Request,2026-04-18
C35949,2026-03-20,Downgrade Request,2026-04-21
C35971,2026-02-28,Downgrade Request,2026-04-06
C35991,2026-03-03,Closure Request,2026-04-08
C36032,2026-03-10,Closure Request,2026-04-06
C36054,2026-03-12,Closure Request,2026-03-29
C36077,2026-03-20,Closure Request,2026-04-23
C36098,2026-03-08,Closure Request,2026-04-16
C36120,2026-03-08,Closure Request,2026-04-16
C36205,2026-03-10,Closure Request,2026-04-06
C36219,2026-03-20,Closure Request,2026-04-13
C36282,2026-03-06,Closure Request,2026-04-16
C36311,2026-03-11,Closure Request,2026-04-14
C36404,2026-03-02,Downgrade Request,2026-03-30
C36484,2026-03-04,Closure Request,2026-04-16
C36486,2026-03-03,Closure Request,2026-04-16
C36493,2026-03-20,Closure Request,2026-04-22
C36509,2026-03-16,Downgrade Request,2026-04-16
C36534,2026-03-02,Closure Request,2026-04-17
C36559,2026-03-10,Downgrade Request,2026-04-20
C36560,2026-02-28,Closure Request,2026-04-09
C36630,2026-03-03,Downgrade Request,2026-04-12
C36645,2026-03-05,Closure Request,2026-03-30
C36671,2026-03-11,Closure Request,2026-04-21
C36679,2026-02-27,Downgrade Request,2026-04-19
C36680,2026-03-23,Closure Request,2026-04-16
C36734,2026-03-18,Closure Request,2026-04-18
C36757,2026-03-13,Closure Request,2026-04-07
C36816,2026-03-10,Closure Request,2026-04-21
C36876,2026-03-09,Downgrade Request,2026-04-09
C36911,2026-03-02,Downgrade Request,2026-04-09
C36915,2026-03-16,Downgrade Request,2026-04-12
C36940,2026-03-22,Downgrade Request,2026-04-12
C36967,2026-03-01,Closure Request,2026-04-06
C37037,2026-02-27,Closure Request,2026-04-04
C37040,2026-03-06,Closure Request,2026-04-18
C37043,2026-03-13,Closure Request,2026-04-10
C37061,2026-02-27,Downgrade Request,2026-04-22
C37079,2026-03-18,Downgrade Request,2026-03-31
C37102,2026-03-13,Downgrade Request,2026-04-17
C37106,2026-03-06,Closure Request,2026-04-23
C37153,2026-03-16,Downgrade Request,2026-04-07
C37189,2026-03-20,Closure Request,2026-03-31
C37547,2026-03-03,Downgrade Request,2026-04-08
C37577,2026-03-04,Downgrade Request,2026-04-18
C37603,2026-03-18,Downgrade Request,2026-04-04
C37691,2026-03-15,Closure Request,2026-04-13
C37714,2026-03-12,Downgrade Request,2026-04-23
C37725,2026-03-09,Downgrade Request,2026-04-22
C37799,2026-03-18,Closure Request,2026-04-08
C37816,2026-03-23,Closure Request,2026-04-04
C37879,2026-03-05,Downgrade Request,2026-04-14
C37916,2026-03-01,Closure Request,2026-04-15
C37928,2026-03-14,Closure Request,2026-04-15
C37982,2026-03-18,Downgrade Request,2026-04-17
C38022,2026-03-01,Closure Request,2026-04-04
C38181,2026-03-21,Closure Request,2026-04-20
C38188,2026-03-04,Closure Request,2026-04-10
C38259,2026-03-15,Closure Request,2026-04-20
C38396,2026-03-13,Closure Request,2026-04-09
C38434,2026-03-11,Closure Request,2026-04-10
C38447,2026-03-20,Closure Request,2026-04-23
C38448,2026-03-14,Closure Request,2026-04-16
C38460,2026-03-21,Downgrade Request,2026-04-05
C38504,2026-03-09,Closure Request,2026-04-05
C38512,2026-03-06,Closure Request,2026-04-19
C38519,2026-03-15,Closure Request,2026-04-13
C38604,2026-03-16,Closure Request,2026-04-05
C38606,2026-03-16,Closure Request,2026-04-12
C38631,2026-03-03,Closure Request,2026-04-02
C38648,2026-03-23,Downgrade Request,2026-04-05
C38657,2026-03-23,Closure Request,2026-04-13
C38704,2026-03-09,Downgrade Request,2026-04-15
C38727,2026-03-06,Closure Request,2026-04-04
C38778,2026-03-10,Closure Request,2026-04-14
C38797,2026-03-05,Downgrade Request,2026-04-18
C38815,2026-03-05,Downgrade Request,2026-04-21
C38874,2026-03-15,Closure Request,2026-04-23
C38960,2026-03-12,Downgrade Request,2026-04-11
C38997,2026-03-12,Downgrade Request,2026-04-05
C39054,2026-03-13,Closure Request,2026-04-09
C39122,2026-03-21,Closure Request,2026-04-02
C39171,2026-03-13,Closure Request,2026-04-05
C39203,2026-03-06,Closure Request,2026-04-02
C39215,2026-03-20,Closure Request,2026-04-20
C39263,2026-03-08,Closure Request,2026-04-08
C39330,2026-03-20,Closure Request,2026-04-05
C39333,2026-02-28,Downgrade Request,2026-04-20
C39384,2026-03-01,Closure Request,2026-04-15
C39503,2026-03-16,Downgrade Request,2026-04-06
C39521,2026-03-05,Closure Request,2026-04-12
C39630,2026-03-04,Downgrade Request,2026-04-13
C39679,2026-03-05,Downgrade Request,2026-03-31
C39755,2026-03-18,Closure Request,2026-04-15
C39771,2026-03-09,Closure Request,2026-04-18
C39797,2026-03-22,Downgrade Request,2026-04-13
C39806,2026-03-01,Closure Request,2026-03-31
C39886,2026-03-02,Downgrade Request,2026-03-31
C39921,2026-02-28,Downgrade Request,2026-04-16
C39928,2026-03-15,Closure Request,2026-03-29
C39956,2026-03-01,Closure Request,2026-04-13
C40025,2026-03-10,Closure Request,2026-04-22
C40095,2026-03-19,Downgrade Request,2026-04-04
C40168,2026-03-02,Downgrade Request,2026-04-07
C40223,2026-03-06,Closure Request,2026-04-19
C40274,2026-03-14,Downgrade Request,2026-04-05
C40292,2026-03-05,Closure Request,2026-04-11
C40389,2026-03-19,Closure Request,2026-04-19
C40467,2026-03-05,Downgrade Request,2026-03-29
C40489,2026-03-04,Closure Request,2026-04-20
C40497,2026-02-27,Downgrade Request,2026-04-16
C40547,2026-03-20,Closure Request,2026-04-17
C40579,2026-03-21,Closure Request,2026-04-11
C40632,2026-02-28,Closure Request,2026-04-21
C40718,2026-03-17,Closure Request,2026-04-17
C40784,2026-02-27,Closure Request,2026-04-03
C40821,2026-03-23,Closure Request,2026-04-13
C40947,2026-02-28,Closure Request,2026-04-08
C41206,2026-03-21,Closure Request,2026-04-10
C41281,2026-03-05,Closure Request,2026-04-19
C41324,2026-03-11,Downgrade Request,2026-04-10
C41368,2026-03-01,Downgrade Request,2026-04-02
C41407,2026-03-13,Closure Request,2026-04-01
C41426,2026-03-14,Downgrade Request,2026-04-03
C41517,2026-03-01,Downgrade Request,2026-04-06
C41542,2026-03-08,Closure Request,2026-04-03
C41547,2026-03-15,Downgrade Request,2026-04-04
C41594,2026-03-16,Downgrade Request,2026-04-18
C41607,2026-03-03,Closure Request,2026-04-08
C41626,2026-03-09,Closure Request,2026-04-14
C41689,2026-03-15,Closure Request,2026-04-17
C41754,2026-03-22,Closure Request,2026-03-30
C41796,2026-03-02,Downgrade Request,2026-04-01
C41841,2026-03-18,Closure Request,2026-04-14
C41930,2026-03-23,Closure Request,2026-04-08
C42042,2026-03-11,Downgrade Request,2026-03-29
C42091,2026-03-05,Closure Request,2026-04-09
C42103,2026-03-21,Closure Request,2026-04-04
C42143,2026-03-03,Closure Request,2026-04-13
C42153,2026-03-18,Closure Request,2026-04-04
C42201,2026-03-12,Closure Request,2026-04-19
C42287,2026-03-19,Closure Request,2026-04-09
C42396,2026-03-05,Closure Request,2026-04-12
C42435,2026-03-01,Closure Request,2026-04-14
C42489,2026-03-19,Downgrade Request,2026-03-29
C42669,2026-03-04,Closure Request,2026-04-15
C42687,2026-03-20,Downgrade Request,2026-04-07
C42715,2026-03-20,Downgrade Request,2026-04-19
C42731,2026-03-18,Closure Request,2026-04-14
C42763,2026-03-18,Closure Request,2026-04-13
C42826,2026-03-17,Closure Request,2026-04-02
C42874,2026-03-04,Downgrade Request,2026-04-12
C42898,2026-03-02,Closure Request,2026-04-10
C42927,2026-03-09,Closure Request,2026-04-19
C42955,2026-03-06,Closure Request,2026-04-08
C42993,2026-03-16,Downgrade Request,2026-04-02
C43049,2026-03-16,Downgrade Request,2026-04-04
C43161,2026-03-11,Closure Request,2026-04-09
C43167,2026-03-22,Downgrade Request,2026-04-23
C43267,2026-03-02,Closure Request,2026-04-22
C43356,2026-03-05,Closure Request,2026-04-14
C43436,2026-03-21,Closure Request,2026-04-18
C43439,2026-03-13,Closure Request,2026-04-16
C43467,2026-03-05,Closure Request,2026-04-15
C43494,2026-03-07,Downgrade Request,2026-04-22
C43508,2026-03-06,Closure Request,2026-04-04
C43651,2026-03-14,Downgrade Request,2026-04-02
C43741,2026-03-09,Closure Request,2026-04-07
C43866,2026-03-03,Downgrade Request,2026-04-10
C43886,2026-03-10,Downgrade Request,2026-03-31
C43949,2026-03-08,Closure Request,2026-04-13
C43991,2026-03-20,Downgrade Request,2026-04-15
C44006,2026-03-08,Closure Request,2026-04-10
C44059,2026-03-14,Downgrade Request,2026-04-23
C44169,2026-02-27,Downgrade Request,2026-04-22
C44188,2026-03-02,Closure Request,2026-03-30
C44233,2026-03-07,Closure Request,2026-04-04
C44239,2026-03-21,Downgrade Request,2026-04-16
C44297,2026-02-28,Closure Request,2026-04-15
C44318,2026-03-18,Closure Request,2026-04-08
C44443,2026-02-28,Closure Request,2026-04-15
C44472,2026-03-23,Closure Request,2026-04-07
C44538,2026-03-11,Closure Request,2026-04-09
C44629,2026-03-06,Closure Request,2026-04-19
C44647,2026-03-10,Closure Request,2026-04-14
C44656,2026-03-07,Closure Request,2026-04-14
C44662,2026-03-12,Closure Request,2026-04-20
C44690,2026-03-22,Closure Request,2026-04-01
C44725,2026-03-09,Closure Request,2026-04-05
C44801,2026-03-01,Downgrade Request,2026-03-31
C44813,2026-03-01,Closure Request,2026-04-13
C44815,2026-03-17,Closure Request,2026-04-18
C44868,2026-03-04,Closure Request,2026-03-30
C45032,2026-03-11,Closure Request,2026-04-20
C45092,2026-03-20,Downgrade Request,2026-03-29
C45101,2026-03-16,Closure Request,2026-04-08
C45107,2026-03-18,Downgrade Request,2026-04-05
C45132,2026-03-12,Downgrade Request,2026-03-30
C45191,2026-03-19,Closure Request,2026-04-17
C45226,2026-03-16,Closure Request,2026-04-19
C45309,2026-03-15,Downgrade Request,2026-04-19
C45428,2026-03-05,Closure Request,2026-04-18
C45429,2026-03-14,Closure Request,2026-04-18
C45480,2026-02-28,Downgrade Request,2026-04-11
C45499,2026-03-01,Closure Request,2026-04-11
C45504,2026-03-10,Downgrade Request,2026-04-06
C45542,2026-03-17,Downgrade Request,2026-04-06
C45573,2026-03-04,Closure Request,2026-04-18
C45602,2026-03-01,Downgrade Request,2026-03-30
C45605,2026-03-01,Downgrade Request,2026-04-02
C45625,2026-03-02,Closure Request,2026-04-05
C45686,2026-03-21,Closure Request,2026-04-01
C45703,2026-03-20,Closure Request,2026-04-23
C45739,2026-03-08,Closure Request,2026-04-03
C45889,2026-03-06,Downgrade Request,2026-04-03
C45916,2026-02-28,Downgrade Request,2026-04-19
C45928,2026-03-01,Closure Request,2026-04-10
C45938,2026-03-14,Closure Request,2026-04-07
C45941,2026-03-14,Closure Request,2026-04-06
C45995,2026-03-20,Closure Request,2026-04-10
C46075,2026-03-17,Closure Request,2026-04-15
C46134,2026-03-08,Closure Request,2026-04-02
C46177,2026-03-07,Closure Request,2026-04-13
C46350,2026-03-08,Closure Request,2026-04-01
C46355,2026-03-16,Closure Request,2026-04-10
C46364,2026-03-18,Closure Request,2026-04-22
C46369,2026-03-01,Closure Request,2026-04-05
C46467,2026-03-10,Closure Request,2026-04-09
C46475,2026-03-09,Closure Request,2026-04-02
C46572,2026-03-09,Closure Request,2026-04-22
C46649,2026-03-22,Closure Request,2026-04-14
C46767,2026-02-27,Closure Request,2026-04-22
C46771,2026-03-17,Closure Request,2026-04-08
C46834,2026-03-22,Closure Request,2026-03-29
C46849,2026-03-19,Downgrade Request,2026-04-06
C46916,2026-03-18,Downgrade Request,2026-04-12
C47052,2026-03-17,Closure Request,2026-03-30
C47074,2026-03-11,Downgrade Request,2026-04-02
C47155,2026-03-14,Closure Request,2026-03-31
C47179,2026-03-16,Closure Request,2026-04-18
C47198,2026-03-17,Downgrade Request,2026-04-19
C47251,2026-02-28,Downgrade Request,2026-03-29
C47309,2026-03-09,Closure Request,2026-04-05
C47310,2026-03-04,Closure Request,2026-04-07
C47328,2026-03-06,Closure Request,2026-04-02
C47425,2026-03-06,Downgrade Request,2026-03-30
C47451,2026-03-20,Closure Request,2026-03-31
C47764,2026-03-10,Closure Request,2026-04-15
C47827,2026-03-23,Closure Request,2026-04-21
C47900,2026-03-18,Closure Request,2026-04-08
C47908,2026-03-12,Closure Request,2026-04-02
C47920,2026-03-20,Closure Request,2026-04-05
C47959,2026-03-23,Downgrade Request,2026-03-29
C48022,2026-03-05,Closure Request,2026-04-10
C48030,2026-02-27,Closure Request,2026-04-01
C48036,2026-03-16,Closure Request,2026-03-30
C48055,2026-03-05,Closure Request,2026-03-31
C48133,2026-03-23,Closure Request,2026-04-13
C48212,2026-03-05,Closure Request,2026-04-10
C48229,2026-03-14,Closure Request,2026-04-17
C48263,2026-03-11,Downgrade Request,2026-04-21
C48275,2026-03-16,Closure Request,2026-04-13
C48335,2026-03-04,Downgrade Request,2026-04-09
C48337,2026-03-03,Downgrade Request,2026-04-13
C48352,2026-03-19,Downgrade Request,2026-04-15
C48473,2026-03-12,Closure Request,2026-04-02
C48518,2026-03-14,Closure Request,2026-04-21
C48521,2026-03-18,Downgrade Request,2026-04-06
C48607,2026-03-18,Downgrade Request,2026-04-21
C48617,2026-03-23,Downgrade Request,2026-04-23
C48689,2026-03-14,Closure Request,2026-03-30
C48728,2026-03-09,Downgrade Request,2026-04-20
C48794,2026-03-06,Closure Request,2026-04-10
C48843,2026-03-19,Closure Request,2026-04-09
C48948,2026-03-17,Downgrade Request,2026-04-11
C48952,2026-03-10,Downgrade Request,2026-04-21
C48985,2026-03-09,Downgrade Request,2026-04-10
C49030,2026-03-09,Downgrade Request,2026-04-08
C49034,2026-03-13,Closure Request,2026-04-10
C49078,2026-03-19,Closure Request,2026-04-14
C49121,2026-03-17,Closure Request,2026-04-04
C49256,2026-03-01,Closure Request,2026-04-16
C49384,2026-03-17,Closure Request,2026-04-19
C49420,2026-03-04,Downgrade Request,2026-04-12
C49502,2026-03-06,Downgrade Request,2026-04-09
C49581,2026-03-03,Downgrade Request,2026-04-04
C49614,2026-03-11,Closure Request,2026-04-13
C49642,2026-03-20,Closure Request,2026-04-18
C49679,2026-03-09,Downgrade Request,2026-04-22
C49714,2026-03-04,Downgrade Request,2026-03-30
C49817,2026-03-17,Closure Request,2026-04-08
C49818,2026-03-06,Closure Request,2026-04-19
C49847,2026-03-11,Closure Request,2026-04-11
C49866,2026-03-18,Downgrade Request,2026-03-29
C49903,2026-03-01,Closure Request,2026-04-10
C49930,2026-03-05,Closure Request,2026-04-03
C50002,2026-03-15,Closure Request,2026-04-19
C50042,2026-03-05,Closure Request,2026-04-18
C50090,2026-03-11,Closure Request,2026-04-23
C50146,2026-03-17,Closure Request,2026-04-11
C50161,2026-03-13,Downgrade Request,2026-04-05
C50345,2026-02-28,Closure Request,2026-04-22
C50354,2026-03-08,Downgrade Request,2026-04-17
C50382,2026-02-27,Closure Request,2026-04-14
C50440,2026-02-28,Closure Request,2026-03-30
C50519,2026-03-02,Closure Request,2026-04-23
C50556,2026-03-21,Closure Request,2026-03-29
C50568,2026-03-23,Closure Request,2026-04-08
C50576,2026-03-21,Downgrade Request,2026-04-09
C50645,2026-03-17,Closure Request,2026-04-02
C50646,2026-03-17,Downgrade Request,2026-03-31
C50700,2026-03-12,Closure Request,2026-04-08
C50768,2026-03-05,Downgrade Request,2026-04-13
C50798,2026-03-13,Closure Request,2026-04-03
C50868,2026-03-14,Downgrade Request,2026-04-01
C50870,2026-03-06,Closure Request,2026-04-02
C50926,2026-03-18,Downgrade Request,2026-04-01
C50945,2026-03-06,Closure Request,2026-04-11
C50965,2026-03-18,Closure Request,2026-04-15
C51041,2026-03-03,Downgrade Request,2026-04-20
C51072,2026-03-15,Closure Request,2026-04-05
C51091,2026-03-20,Closure Request,2026-04-02
C51118,2026-03-09,Closure Request,2026-04-22
C51237,2026-03-22,Closure Request,2026-04-10
C51249,2026-03-08,Downgrade Request,2026-04-13
C51251,2026-03-18,Closure Request,2026-04-16
C51265,2026-03-01,Downgrade Request,2026-04-12
C51272,2026-03-05,Closure Request,2026-04-03
C51278,2026-03-09,Closure Request,2026-04-13
C51360,2026-03-02,Closure Request,2026-04-09
C51412,2026-03-13,Closure Request,2026-04-09
C51494,2026-03-21,Closure Request,2026-04-02
C51526,2026-03-04,Downgrade Request,2026-04-19
C51533,2026-03-11,Closure Request,2026-04-01
C51586,2026-03-02,Closure Request,2026-04-18
C51660,2026-03-13,Downgrade Request,2026-04-20
C51714,2026-03-21,Downgrade Request,2026-04-17
C51736,2026-03-08,Closure Request,2026-04-17
C51792,2026-03-05,Downgrade Request,2026-04-03
C51805,2026-03-12,Downgrade Request,2026-04-04
C51880,2026-03-07,Downgrade Request,2026-04-14
C51939,2026-03-23,Downgrade Request,2026-04-08
C52029,2026-03-18,Closure Request,2026-04-18
C52055,2026-03-16,Closure Request,2026-04-07
C52088,2026-03-15,Downgrade Request,2026-04-11
C52285,2026-03-13,Closure Request,2026-04-06
C52359,2026-02-28,Closure Request,2026-04-12
C52365,2026-03-02,Closure Request,2026-04-08
C52429,2026-03-06,Closure Request,2026-04-02
C52435,2026-03-04,Closure Request,2026-04-21
C52452,2026-03-05,Closure Request,2026-04-07
C52551,2026-03-11,Closure Request,2026-04-13
C52584,2026-03-11,Downgrade Request,2026-03-30
C52602,2026-03-01,Closure Request,2026-04-06
C52637,2026-03-01,Downgrade Request,2026-04-08
C52717,2026-03-12,Closure Request,2026-04-23
C52724,2026-03-10,Downgrade Request,2026-04-20
C52732,2026-03-13,Closure Request,2026-04-09
C52763,2026-02-28,Downgrade Request,2026-04-15
C52820,2026-03-17,Downgrade Request,2026-04-07
C52823,2026-03-15,Closure Request,2026-04-12
C52840,2026-03-02,Closure Request,2026-04-23
C52843,2026-03-02,Downgrade Request,2026-04-14
C52928,2026-03-20,Closure Request,2026-04-23
C52983,2026-03-19,Closure Request,2026-04-05
C53047,2026-03-21,Closure Request,2026-04-09
C53053,2026-03-21,Closure Request,2026-04-16
C53071,2026-03-16,Closure Request,2026-03-31
C53077,2026-03-23,Closure Request,2026-03-29
C53120,2026-02-28,Downgrade Request,2026-04-17
C53175,2026-03-21,Closure Request,2026-04-16
C53198,2026-03-03,Downgrade Request,2026-04-18
C53218,2026-03-13,Closure Request,2026-04-01
C53276,2026-03-04,Closure Request,2026-03-30
C53344,2026-03-01,Closure Request,2026-04-04
C53355,2026-02-28,Closure Request,2026-04-03
C53357,2026-03-21,Closure Request,2026-03-31
C53369,2026-03-23,Downgrade Request,2026-04-23
C53380,2026-03-02,Closure Request,2026-04-04
C53426,2026-03-22,Closure Request,2026-03-31
C53461,2026-03-11,Downgrade Request,2026-04-18
C53477,2026-03-07,Closure Request,2026-04-13
C53482,2026-03-17,Closure Request,2026-04-13
C53503,2026-03-04,Closure Request,2026-04-03
C53567,2026-03-08,Downgrade Request,2026-04-21
C53625,2026-03-02,Closure Request,2026-03-30
C53709,2026-03-09,Closure Request,2026-04-14
C53737,2026-03-23,Closure Request,2026-04-03
C53824,2026-03-17,Downgrade Request,2026-04-02
C53841,2026-03-06,Closure Request,2026-04-04
C53965,2026-03-01,Closure Request,2026-04-20
C54030,2026-02-27,Closure Request,2026-04-04
C54050,2026-03-18,Downgrade Request,2026-04-22
C54112,2026-03-16,Closure Request,2026-04-10
C54136,2026-03-03,Closure Request,2026-04-07
C54171,2026-03-04,Downgrade Request,2026-04-14
C54182,2026-03-03,Downgrade Request,2026-04-04
C54246,2026-03-10,Downgrade Request,2026-04-09
C54247,2026-02-28,Closure Request,2026-04-14
C54254,2026-03-23,Closure Request,2026-04-19
C54284,2026-03-15,Downgrade Request,2026-04-22
C54287,2026-03-18,Closure Request,2026-03-30
C54295,2026-03-21,Downgrade Request,2026-04-09
C54344,2026-02-28,Closure Request,2026-04-17
C54401,2026-02-27,Downgrade Request,2026-03-31
C54508,2026-03-02,Closure Request,2026-04-12
C54612,2026-03-23,Closure Request,2026-04-19
C54679,2026-03-21,Downgrade Request,2026-04-16
C54824,2026-02-27,Downgrade Request,2026-04-20
C54877,2026-03-02,Closure Request,2026-04-19
C54926,2026-03-21,Closure Request,2026-04-06
C54986,2026-02-28,Downgrade Request,2026-04-12
C55041,2026-03-12,Closure Request,2026-04-23
C55178,2026-03-08,Downgrade Request,2026-04-13
C55180,2026-03-14,Downgrade Request,2026-04-08
C55274,2026-03-06,Closure Request,2026-04-04
C55298,2026-03-16,Closure Request,2026-04-03
C55415,2026-03-22,Closure Request,2026-04-09
C55452,2026-03-10,Downgrade Request,2026-04-12
C55580,2026-03-13,Downgrade Request,2026-04-12
C55597,2026-03-09,Downgrade Request,2026-04-02
C55600,2026-03-19,Closure Request,2026-04-22
C55627,2026-03-11,Downgrade Request,2026-03-29
C55637,2026-03-19,Downgrade Request,2026-04-10
C55657,2026-03-03,Closure Request,2026-04-10
C55779,2026-03-12,Closure Request,2026-04-11
C55789,2026-03-02,Closure Request,2026-04-02
C55790,2026-03-05,Closure Request,2026-04-04
C55829,2026-03-20,Closure Request,2026-04-10
C55844,2026-03-08,Closure Request,2026-04-06
C55852,2026-03-13,Closure Request,2026-03-29
C55921,2026-03-08,Downgrade Request,2026-04-03
C55965,2026-03-14,Closure Request,2026-04-06
C56070,2026-03-16,Closure Request,2026-04-13
C56087,2026-03-04,Closure Request,2026-04-13
C56110,2026-03-10,Downgrade Request,2026-04-03
C56117,2026-03-08,Closure Request,2026-03-30
C56127,2026-03-12,Closure Request,2026-03-31
C56171,2026-03-13,Closure Request,2026-04-13
C56285,2026-03-04,Downgrade Request,2026-04-02
C56305,2026-03-16,Closure Request,2026-04-13
C56306,2026-03-17,Downgrade Request,2026-04-13
C56317,2026-03-23,Downgrade Request,2026-04-18
C56387,2026-03-18,Downgrade Request,2026-04-18
C56451,2026-03-14,Closure Request,2026-04-17
C56552,2026-03-10,Closure Request,2026-04-01
C56671,2026-03-04,Closure Request,2026-04-14
C56714,2026-03-14,Downgrade Request,2026-04-21
C56729,2026-03-12,Closure Request,2026-04-02
C56769,2026-03-12,Closure Request,2026-04-13
C56948,2026-03-21,Closure Request,2026-04-12
C56997,2026-03-12,Downgrade Request,2026-04-05
C57012,2026-03-17,Downgrade Request,2026-04-20
C57024,2026-03-16,Downgrade Request,2026-04-18
C57049,2026-03-08,Downgrade Request,2026-04-15
C57065,2026-03-13,Closure Request,2026-04-23
C57072,2026-03-13,Closure Request,2026-04-04
C57111,2026-03-19,Downgrade Request,2026-04-23
C57190,2026-03-03,Closure Request,2026-04-05
C57217,2026-03-01,Closure Request,2026-04-17
C57218,2026-03-16,Closure Request,2026-04-13
C57241,2026-03-05,Downgrade Request,2026-03-29
C57271,2026-03-13,Closure Request,2026-04-01
C57308,2026-03-11,Closure Request,2026-04-17
C57331,2026-03-13,Closure Request,2026-04-14
C57417,2026-03-08,Downgrade Request,2026-04-17
C57429,2026-02-28,Downgrade Request,2026-03-31
C57446,2026-03-09,Downgrade Request,2026-04-22
C57447,2026-03-17,Downgrade Request,2026-04-20
C57454,2026-03-19,Downgrade Request,2026-04-22
C57498,2026-03-22,Downgrade Request,2026-04-05
C57522,2026-03-16,Closure Request,2026-03-29
C57571,2026-03-13,Downgrade Request,2026-04-17
C57621,2026-03-08,Closure Request,2026-04-02
C57725,2026-03-15,Downgrade Request,2026-04-13
C57753,2026-03-13,Closure Request,2026-04-15
C57775,2026-03-17,Closure Request,2026-04-04
C57811,2026-03-04,Closure Request,2026-04-01
C57906,2026-03-14,Closure Request,2026-03-30
C57922,2026-02-28,Closure Request,2026-04-14
C57929,2026-03-07,Downgrade Request,2026-04-05
C57951,2026-03-11,Downgrade Request,2026-04-20
C57962,2026-03-23,Downgrade Request,2026-04-06
C57979,2026-03-17,Closure Request,2026-04-07
C58011,2026-03-23,Closure Request,2026-04-18
C58017,2026-03-03,Downgrade Request,2026-03-31
C58142,2026-03-12,Downgrade Request,2026-04-22
C58236,2026-03-19,Downgrade Request,2026-04-18
C58260,2026-03-11,Closure Request,2026-04-03
C58363,2026-03-04,Downgrade Request,2026-04-22
C58499,2026-03-13,Closure Request,2026-04-06
C58504,2026-03-09,Downgrade Request,2026-04-04
C58542,2026-03-01,Closure Request,2026-04-12
C58614,2026-03-14,Closure Request,2026-04-16
C58625,2026-03-19,Downgrade Request,2026-03-29
C58658,2026-03-20,Closure Request,2026-04-08
C58660,2026-03-06,Downgrade Request,2026-04-09
C58664,2026-03-19,Downgrade Request,2026-04-21
C58697,2026-03-11,Closure Request,2026-03-29
C58807,2026-03-03,Downgrade Request,2026-04-18
C58997,2026-03-13,Downgrade Request,2026-04-03
C59065,2026-03-13,Closure Request,2026-04-22
C59127,2026-03-22,Closure Request,2026-04-07
C59151,2026-03-13,Closure Request,2026-04-22
C59176,2026-03-05,Closure Request,2026-04-14
C59190,2026-03-22,Closure Request,2026-04-20
C59240,2026-03-01,Closure Request,2026-04-13
C59321,2026-03-21,Closure Request,2026-04-02
C59368,2026-03-19,Closure Request,2026-04-14
C59448,2026-03-18,Closure Request,2026-04-05
C59476,2026-03-21,Downgrade Request,2026-04-09
C59493,2026-03-13,Closure Request,2026-04-11
C59523,2026-03-13,Closure Request,2026-04-13
C59540,2026-03-11,Closure Request,2026-03-30
C59545,2026-03-07,Downgrade Request,2026-04-18
C59564,2026-03-11,Closure Request,2026-04-02
C59712,2026-03-06,Closure Request,2026-04-04
C59723,2026-03-09,Closure Request,2026-04-01
C59735,2026-02-27,Downgrade Request,2026-04-05
C59815,2026-03-16,Closure Request,2026-04-18
C59884,2026-03-02,Closure Request,2026-03-29
C59906,2026-03-22,Closure Request,2026-04-20
C59948,2026-03-16,Downgrade Request,2026-03-30
C59959,2026-03-22,Closure Request,2026-04-22
C59962,2026-03-16,Closure Request,2026-04-02
C59964,2026-03-07,Downgrade Request,2026-04-08
